Film_Id,Film_Title,Film_Year
1,Moon from Paper Moon,1982
2,Empire in Last River,1951
3,Fields of the Eternal Moon,1980
4,Eternal Dreams,1982
5,Horizon of Feral Summer,1950
6,Birds of Wandering House,1975
7,Sun and the Silver Paths,1934
8,Fields and the Hidden Letters,1975
9,Silent River,1969
10,Fields of the Wandering Garden,1931
11,Atomic Moon,2005
12,Fields and the First Storm,1980
13,Glass Shadow,2017
14,Voices of the First Fields,1995
15,Shadow of Electric Winter,2003
16,Last Fields,1984
17,River of Quiet Birds,2006
18,House of the Hidden City,1981
19,Fields of Hidden Horizon,1949
20,Paths of Electric Summer,1973
21,Golden Sun,1972
22,Feral Voices,1984
23,Electric House,2016
24,Quiet Horizon,1968
25,Feral Empire,2010
26,Neon Letters,2005
27,Storm of Paper Fields,2012
28,Glass Dreams,1998
29,Neon Winter,1990
30,Dreams and the Silent Storm,1961
31,Letters from Hidden Birds,1951
32,Hidden Sun,1948
33,River and the Eternal Moon,2019
34,Storm and the Hidden Waves,1945
35,Rising Voices,1953
36,Garden from Silent Letters,1940
37,Silent Storm,1988
38,Broken Garden,1957
39,Broken Waves,1953
40,Paths of Crimson Waves,2016
41,Letters from Silver Garden,1963
42,Paths of the Crimson Shadow,2021
43,Sun from Silent Paths,1962
44,Broken Winter,1930
45,Storm in Atomic Garden,1989
46,Voices and the Broken Birds,1987
47,Paths in Eternal Paths,1966
48,Wandering Storm,1989
49,Silver Summer,2016
50,Fields and the Golden Garden,1930
51,Quiet City,2011
52,Summer in Last Voices,1987
53,City and the Glass Horizon,1981
54,Silent Horizon,2006
55,Dreams of Electric Storm,1988
56,Horizon from Crimson Letters,1950
57,Golden Storm,2015
58,Shadow of the Broken House,2019
59,Winter from Golden Garden,1981
60,Paths and the Eternal Fields,1935
61,Rising Dreams,2011
62,Shadow of the Hidden Voices,1991
63,Crimson Storm,2017
64,Empire from Paper Horizon,1970
65,Hidden Moon,1960
66,Paths and the Silver Dreams,1959
67,Crimson Shadow,1987
68,Dreams of Silver Empire,2021
69,Dreams in Neon Summer,1974
70,Sun of Eternal Horizon,1966
71,Atomic Echoes,2015
72,Empire from Feral Echoes,1978
73,Hidden Storm,1997
74,Electric Echoes,1957
75,Summer from Velvet Empire,2018
76,Empire of the Rising Storm,1966
77,Birds in Silent Birds,1936
78,Dreams from Glass Sun,1990
79,Feral Birds,2010
80,House from Quiet Fields,1966
81,Waves from Wandering Summer,1978
82,Shadow and the Broken Winter,1940
83,Echoes and the Silent Dreams,1936
84,Wandering Waves,1971
85,Rising Moon,1963
86,Velvet Winter,1976
87,Birds of the Golden Summer,1972
88,Velvet Echoes,1943
89,Echoes from Velvet Moon,1993
90,Dreams in Hidden Birds,1936
91,Paper House,2010
92,Summer of the Wandering Waves,2021
93,Fallen Echoes,1996
94,Silver River,1959
95,Birds from Neon River,1987
96,Crimson Echoes,1932
97,Summer and the First Storm,2016
98,Fallen Garden,1987
99,Fields of Wandering House,1933
100,Echoes in Fallen Dreams,1932
101,Velvet Dreams,2004
102,Last Echoes,1993
103,House in First Horizon,2019
104,Shadow from Golden Garden,1935
105,Quiet Moon,1955
106,Dreams of the Silver Sun,1992
107,Sun in Silent Storm,1990
108,Electric Garden,1974
109,Winter of Golden House,2003
110,Feral Moon,2001
111,Sun of Silver Dreams,1932
112,First House,1935
113,Velvet Voices,2003
114,Winter of Broken Moon,1934
115,City and the Broken River,1988
116,House in Last City,1976
117,Fallen House,2017
118,Fields and the Wandering House,1959
119,Summer in Quiet Winter,1957
120,Crimson Birds,1987
121,Waves from Last Letters,1952
122,Atomic Letters,2005
123,Horizon from Rising Winter,1931
124,Letters of Feral Empire,1983
125,Sun of the Paper Fields,2018
126,Fallen Winter,1943
127,Glass Horizon,1976
128,Wandering City,1931
129,First Storm,1941
130,Shadow in Paper Sun,2001
131,Rising Birds,2014
132,Fields from Eternal Letters,1992
133,City in Fallen Winter,2019
134,Voices in First Shadow,1939
135,Horizon and the Neon City,1965
136,Velvet Garden,1944
137,Crimson Garden,1978
138,Sun and the Wandering Shadow,1997
139,Feral Summer,1958
140,Echoes in Wandering Waves,1983
141,Summer in Feral Moon,1993
142,Fallen Moon,1935
143,Sun from Crimson Empire,2022
144,Velvet City,2022
145,Crimson House,1971
146,Empire from Electric Voices,1969
147,Paper Empire,1931
148,Paths and the Silver River,2004
149,Echoes from Atomic Empire,1975
150,Last Horizon,1970
151,Empire of Neon Winter,2000
152,Fallen Dreams,2015
153,Paper Voices,1983
154,Broken Shadow,1958
155,Birds of the First Shadow,1963
156,Fields and the Silver Waves,2023
157,Golden Winter,1937
158,Fallen Voices,1999
159,Voices of the Feral Empire,1970
160,City of the Fallen Paths,1994
161,Waves of the Fallen Voices,1994
162,Birds from Atomic River,1970
163,Atomic City,1951
164,Paper Waves,1938
165,Quiet Garden,1996
166,Shadow of First House,2016
167,Dreams of First Garden,1971
168,Echoes and the First Letters,1943
169,Eternal Garden,1975
170,Golden Birds,1963
171,Neon Paths,1961
172,Last Summer,2012
173,Moon of Feral Dreams,1937
174,Garden of the Paper Dreams,1947
175,Neon Waves,2019
176,Silver Letters,1978
177,Birds of Neon Storm,1960
178,Garden of the Fallen Moon,1981
179,Neon Shadow,1940
180,First Dreams,2003
181,Silver Winter,1946
182,Silent Paths,1990
183,Winter of the Eternal Letters,1931
184,Wandering Voices,1939
185,Silent Fields,1940
186,Silent Winter,1984
187,Hidden Summer,2001
188,Feral Dreams,2020
189,Waves in Hidden Sun,2022
190,Winter of Paper Horizon,2020
191,Fields of the Broken Garden,1990
192,Eternal Horizon,1976
193,Paths in Velvet Summer,1951
194,Winter of Atomic Empire,1997
195,Neon House,2013
196,Voices in Crimson Garden,2018
197,Broken Waves,1970
198,Golden Voices,2000
199,Rising River,1979
200,Atomic River,2015
